epoch,train_loss,val_loss,val_mae,val_mae_real,lr,elapsed_s,mae_zpve,mae_Cv,mae_gap,mae_G,mae_HOMO,mae_U,mae_alpha,mae_U0,mae_H,mae_LUMO,mae_mu,mae_R2,r2_zpve,r2_Cv,r2_gap,r2_G,r2_HOMO,r2_U,r2_alpha,r2_U0,r2_H,r2_LUMO,r2_mu,r2_R2
1,0.2249976275044804,0.13166796366574762,0.32760000228881836,26.695404052734375,0.00010399999999999949,108.1,0.31519049406051636,0.5415964722633362,0.23704621195793152,0.19008246064186096,0.32785603404045105,0.1984402984380722,0.46162721514701843,0.20176728069782257,0.1947755366563797,0.24120768904685974,0.4209297299385071,0.6006806492805481,0.8423264026641846,0.5513519048690796,0.8679686784744263,0.9157810807228088,0.785038948059082,0.9116405248641968,0.6302905082702637,0.9136484861373901,0.9148585200309753,0.8712331056594849,0.6578477621078491,0.3711087107658386
2,0.12823109322172604,0.10301271049670749,0.2787775695323944,23.844932556152344,0.00020300000000000146,152.2,0.2433990240097046,0.4226415753364563,0.18491846323013306,0.1769404113292694,0.27266767621040344,0.18566498160362244,0.3948240280151367,0.17709995806217194,0.18393394351005554,0.19132962822914124,0.38270652294158936,0.5292043089866638,0.8830167651176453,0.6672244071960449,0.9311434030532837,0.9391125440597534,0.8595455884933472,0.9350621700286865,0.6986271142959595,0.9406214952468872,0.9345998764038086,0.9276555180549622,0.7087695598602295,0.5048043727874756
3,0.10426939569217954,0.08086769952917697,0.24107949435710907,19.783620834350586,0.00030200000000000246,195.8,0.21160686016082764,0.3508888781070709,0.16421036422252655,0.14303700625896454,0.2639698386192322,0.14408548176288605,0.3338627517223358,0.14483679831027985,0.14418086409568787,0.18238481879234314,0.36270591616630554,0.447184294462204,0.9187809824943542,0.7789098024368286,0.9482197165489197,0.9597792029380798,0.8751730918884277,0.9596884250640869,0.78632652759552,0.9595134854316711,0.9595324397087097,0.9359132051467896,0.7389254570007324,0.6553516983985901
4,0.08126729459235622,0.06470359904368739,0.20011210441589355,15.780414581298828,0.0004010000000000009,238.4,0.1661970466375351,0.2776811122894287,0.14551909267902374,0.11523240804672241,0.22612237930297852,0.11693435907363892,0.25486552715301514,0.11477804183959961,0.11594896018505096,0.14850710332393646,0.36400216817855835,0.3555569350719452,0.9454444646835327,0.8478782176971436,0.9577621221542358,0.9727930426597595,0.9034552574157715,0.9722999334335327,0.8691170811653137,0.9728013873100281,0.9726582765579224,0.956072986125946,0.7467731833457947,0.7428271770477295
5,0.0669759792233414,0.06425367506309118,0.2155797928571701,17.080808639526367,0.0004999999999999994,280.9,0.21797126531600952,0.3047000467777252,0.17177963256835938,0.127459317445755,0.22814173996448517,0.12510019540786743,0.2837955057621002,0.12582892179489136,0.125743106007576,0.16926564276218414,0.32335108518600464,0.38382112979888916,0.9145952463150024,0.8358153104782104,0.9488555192947388,0.9695369601249695,0.9045301675796509,0.9702516794204712,0.8531116843223572,0.969600260257721,0.9696832299232483,0.9483337998390198,0.7932412624359131,0.7138073444366455
6,0.05845271671324422,0.051390223627878845,0.1782291680574417,13.740801811218262,0.0004999999999999994,325.8,0.17191599309444427,0.263833224773407,0.13793499767780304,0.08745739609003067,0.21992522478103638,0.08420753479003906,0.22286781668663025,0.08599031716585159,0.08549422770738602,0.14043277502059937,0.30806809663772583,0.3306223452091217,0.9461413621902466,0.8728634715080261,0.9620810747146606,0.9832634329795837,0.9070346355438232,0.9839349985122681,0.9042840003967285,0.9836471676826477,0.9836368560791016,0.9608202576637268,0.8103694915771484,0.7868337631225586
7,0.05216115931409064,0.05102101523816636,0.1776188164949417,14.287138938903809,0.0004999999999999994,373.2,0.1760239154100418,0.2650359272956848,0.13200643658638,0.08614293485879898,0.20823855698108673,0.08608491718769073,0.21202506124973297,0.08722527325153351,0.08656630665063858,0.1351068615913391,0.30876266956329346,0.34820687770843506,0.9462210536003113,0.8725072145462036,0.9654040336608887,0.9842625856399536,0.9174112677574158,0.9840279221534729,0.910494863986969,0.9838129878044128,0.9839463829994202,0.9643439054489136,0.8103651404380798,0.7727198600769043
8,0.04791568485755519,0.039628744248396235,0.14197422564029694,10.263558387756348,0.0004999999999999994,416.2,0.12424146384000778,0.18407411873340607,0.12359746545553207,0.05903379246592522,0.1925855129957199,0.05837484821677208,0.15912789106369019,0.05736732855439186,0.05775436386466026,0.13077311217784882,0.30154934525489807,0.25521162152290344,0.9726684093475342,0.9356675744056702,0.9692420959472656,0.9909792542457581,0.9291130900382996,0.9910669922828674,0.9467924237251282,0.9910193681716919,0.991061806678772,0.9664849638938904,0.8172480463981628,0.8685244917869568
9,0.045171338968177516,0.041384537608798164,0.15354834496974945,11.366024017333984,0.0004999999999999994,458.6,0.13149377703666687,0.22538478672504425,0.13013716042041779,0.06816305220127106,0.19864806532859802,0.06988538801670074,0.17499610781669617,0.07158426195383072,0.06794369965791702,0.13551251590251923,0.2930312156677246,0.27580025792121887,0.9703008532524109,0.9147845506668091,0.9680463075637817,0.9890592098236084,0.9268222451210022,0.9888947010040283,0.933500349521637,0.9885138273239136,0.9892852902412415,0.9656111001968384,0.824720025062561,0.8534563183784485
10,0.04275402259224924,0.038269767466819066,0.1393492966890335,10.709808349609375,0.0004999999999999994,500.6,0.10825788229703903,0.1870172619819641,0.12334821373224258,0.059710413217544556,0.19020846486091614,0.057068657130002975,0.14746412634849548,0.058765728026628494,0.05689612030982971,0.12498380243778229,0.2878933846950531,0.27057749032974243,0.9757370352745056,0.9320001602172852,0.969515323638916,0.9903793931007385,0.930403470993042,0.9904960989952087,0.9507051110267639,0.9900287389755249,0.9907662272453308,0.9683861136436462,0.8327943086624146,0.8524907827377319
11,0.040812193612934186,0.03529210822557352,0.12804298102855682,9.436716079711914,0.0004999999999999994,542.9,0.09720930457115173,0.15518693625926971,0.11602818965911865,0.05113087221980095,0.18346190452575684,0.05111445114016533,0.1405356079339981,0.051417768001556396,0.05232406407594681,0.11805525422096252,0.2825019657611847,0.23754942417144775,0.9800823330879211,0.9469727277755737,0.9729424715042114,0.9928781390190125,0.9356279969215393,0.9923521876335144,0.9529337286949158,0.9924463033676147,0.9924480319023132,0.9720103740692139,0.8343113660812378,0.8778331279754639
12,0.039216006398861164,0.03519967389114401,0.1293921321630478,9.75321102142334,0.0004999999999999994,585.3,0.0977991446852684,0.15770474076271057,0.1251867562532425,0.04739449918270111,0.1840783953666687,0.04969117417931557,0.12524782121181488,0.047848135232925415,0.04902470111846924,0.13062074780464172,0.2853080928325653,0.2528012692928314,0.9807720184326172,0.9487881660461426,0.970223069190979,0.9937340021133423,0.9365529417991638,0.9927591681480408,0.9609306454658508,0.9933096170425415,0.9931236505508423,0.9681913256645203,0.8355450630187988,0.8709144592285156
13,0.03794768654682323,0.03475348371842268,0.1302681714296341,9.83358383178711,0.0004999999999999994,627.6,0.09268857538700104,0.15276217460632324,0.12140356004238129,0.05136389285326004,0.1967179924249649,0.052369795739650726,0.13874933123588562,0.05306879058480263,0.05391845852136612,0.12463703751564026,0.27630558609962463,0.24923300743103027,0.9816189408302307,0.9503028392791748,0.9721983075141907,0.9932153820991516,0.9308888912200928,0.9925285577774048,0.9534454345703125,0.9924626350402832,0.9925256371498108,0.9706066250801086,0.841998279094696,0.8742236495018005
14,0.03650057919052064,0.04244866660159485,0.15829592943191528,12.776031494140625,0.0004999999999999994,669.7,0.14708924293518066,0.23301903903484344,0.11032145470380783,0.07914000749588013,0.17674051225185394,0.0794425830245018,0.22296760976314545,0.07946357131004333,0.07886166125535965,0.1129225417971611,0.27183231711387634,0.307750403881073,0.9599695801734924,0.8925009965896606,0.9759871363639832,0.9853512644767761,0.941188395023346,0.9852294325828552,0.8974559307098389,0.9855232834815979,0.9854862093925476,0.974519670009613,0.8461756110191345,0.82346510887146
15,0.035346309768859586,0.0334099327859694,0.1265595406293869,9.348011016845703,0.0004999999999999994,711.6,0.09490570425987244,0.16514216363430023,0.11496326327323914,0.0514313243329525,0.1766567975282669,0.05245671048760414,0.13235680758953094,0.052357595413923264,0.053093474358320236,0.11471433937549591,0.2769521176815033,0.2336840033531189,0.9813235402107239,0.9462094902992249,0.974263072013855,0.9935593605041504,0.9425569772720337,0.9933978915214539,0.9594186544418335,0.9933978319168091,0.9933748841285706,0.9743695259094238,0.8408161997795105,0.8896872997283936
16,0.03436330472497358,0.031503013509368946,0.11544424295425415,8.525280952453613,0.0004999999999999994,754.2,0.08277332037687302,0.1328914910554886,0.10735297203063965,0.04232554882764816,0.17152133584022522,0.04101301729679108,0.11145824939012527,0.04257985204458237,0.045326150953769684,0.11339379101991653,0.27448755502700806,0.22020763158798218,0.9853827357292175,0.9593055844306946,0.9773944616317749,0.9943322539329529,0.9430514574050903,0.9943293333053589,0.9670538306236267,0.9940451383590698,0.9934326410293579,0.9748741984367371,0.8433620929718018,0.8968225121498108
17,0.03354129576447403,0.031995769555198124,0.11971592903137207,8.937557220458984,0.0004999999999999994,798.6,0.09185010939836502,0.1411055624485016,0.11128921061754227,0.04366665333509445,0.17260058224201202,0.04606587812304497,0.1206304281949997,0.042628366500139236,0.0419313982129097,0.11804001033306122,0.2741488814353943,0.23263408243656158,0.9827061891555786,0.954127311706543,0.9758820533752441,0.9945006370544434,0.9436213970184326,0.9937652349472046,0.9630236625671387,0.9944847226142883,0.9946452379226685,0.9741474390029907,0.8478655815124512,0.8869962692260742
18,0.032602354393910724,0.02984595690605765,0.11089641600847244,7.845304012298584,0.0004999999999999994,841.0,0.0872415229678154,0.1336200088262558,0.10829544812440872,0.03373647481203079,0.1701652705669403,0.033485304564237595,0.1091114804148674,0.035770073533058167,0.0341036319732666,0.11178325116634369,0.26386550068855286,0.2095789760351181,0.9842692613601685,0.9603897929191589,0.977064847946167,0.9960795044898987,0.9449061155319214,0.9959324598312378,0.9698092341423035,0.9956431984901428,0.9959421753883362,0.9758964776992798,0.850033700466156,0.9032903909683228
19,0.031970747431948734,0.031126945002261323,0.11685474961996078,8.964454650878906,0.0004999999999999994,883.4,0.08088231086730957,0.1317378431558609,0.10899309068918228,0.043689943850040436,0.16669756174087524,0.04139738157391548,0.13031980395317078,0.04316159337759018,0.04209473729133606,0.1110011488199234,0.2676272988319397,0.23465417325496674,0.984992265701294,0.9586737751960754,0.9765398502349854,0.9940215945243835,0.9476226568222046,0.9944027066230774,0.9585767984390259,0.9940503239631653,0.9943239092826843,0.9760423302650452,0.8501185178756714,0.8895270824432373
20,0.03124315355423134,0.029375960762861385,0.10743933171033859,7.757818698883057,0.0004999999999999994,925.7,0.07546618580818176,0.11399035155773163,0.1032828837633133,0.0360410138964653,0.1658613085746765,0.03466327488422394,0.10156000405550003,0.03740633279085159,0.035401344299316406,0.10778031498193741,0.27321940660476685,0.20459945499897003,0.9879165291786194,0.9684886932373047,0.9786563515663147,0.9959699511528015,0.9480841159820557,0.9960649609565735,0.972970187664032,0.995704710483551,0.9960228204727173,0.977258563041687,0.8448292016983032,0.9092079401016235
21,0.03069584944070349,0.02981600598638783,0.11209002137184143,8.480428695678711,0.0004999999999999994,970.0,0.07732376456260681,0.12675534188747406,0.10606013983488083,0.04310530796647072,0.16140972077846527,0.04004056006669998,0.11243417859077454,0.04281744360923767,0.04215588420629501,0.11095431447029114,0.26219454407691956,0.21982908248901367,0.9859848618507385,0.9604999423027039,0.9779930114746094,0.9941657185554504,0.9507283568382263,0.9946000576019287,0.9658828973770142,0.9944078326225281,0.9944242238998413,0.9764866232872009,0.8534128069877625,0.8962128162384033
22,0.029971429012290978,0.028371507327396954,0.1073097288608551,7.758674621582031,0.0004999999999999994,1012.4,0.06974085420370102,0.11791141331195831,0.10497158765792847,0.039509452879428864,0.16693586111068726,0.03911703824996948,0.09342744946479797,0.04006035998463631,0.03846399113535881,0.11492355167865753,0.2625187933444977,0.2001364678144455,0.9887769222259521,0.9658377766609192,0.9782038927078247,0.9956784248352051,0.9484399557113647,0.9957632422447205,0.9753715395927429,0.9956716299057007,0.9958165884017944,0.9745216965675354,0.853316068649292,0.9126951694488525
23,0.02921300551826898,0.029868802503976135,0.11204162985086441,8.593355178833008,0.0004999999999999994,1054.7,0.07785477489233017,0.13153691589832306,0.10753080248832703,0.03456003591418266,0.1661410629749298,0.034639421850442886,0.11351650953292847,0.03424233943223953,0.036038268357515335,0.11011793464422226,0.2647145092487335,0.23360708355903625,0.9868003726005554,0.961621880531311,0.9770523905754089,0.995589554309845,0.9482578635215759,0.9955840706825256,0.9687310457229614,0.9958283305168152,0.995329737663269,0.9761936664581299,0.8531901836395264,0.8922276496887207
24,0.02889874914872493,0.02688094686163068,0.10169216990470886,7.294518947601318,0.0004999999999999994,1096.7,0.07572243362665176,0.1021309643983841,0.10091472417116165,0.030449669808149338,0.1642765998840332,0.03076234832406044,0.09225331246852875,0.03484770655632019,0.029888642951846123,0.10647546499967575,0.2569517195224762,0.1956324726343155,0.988250195980072,0.9727814197540283,0.9801055192947388,0.9968867301940918,0.9503219127655029,0.9969501495361328,0.9770880341529846,0.996600329875946,0.996944785118103,0.978367030620575,0.8583088517189026,0.9159529209136963
25,0.028409820633724894,0.02957130565697951,0.11250007152557373,8.484772682189941,0.0004999999999999994,1139.2,0.07434520125389099,0.12454475462436676,0.09993058443069458,0.04991692304611206,0.16221928596496582,0.045859236270189285,0.11146821081638336,0.05078663304448128,0.048828255385160446,0.10681097209453583,0.2648658752441406,0.21042485535144806,0.9866793155670166,0.9604153633117676,0.9805250763893127,0.9933792948722839,0.9500464200973511,0.9938196539878845,0.9667055606842041,0.9932636618614197,0.9935372471809387,0.9781637787818909,0.8536049127578735,0.9034751057624817
26,0.027736885324350848,0.026629589954946044,0.09983167052268982,7.230100154876709,0.0004999999999999994,1181.5,0.06444703042507172,0.10292380303144455,0.09712096303701401,0.033020783215761185,0.15690870583057404,0.03075229935348034,0.09551550447940826,0.03268658369779587,0.031382787972688675,0.10247234255075455,0.2580356001853943,0.19271358847618103,0.9900093674659729,0.9724041819572449,0.9811843037605286,0.9965282082557678,0.9535230398178101,0.9966663718223572,0.9757217168807983,0.9964227676391602,0.9966475367546082,0.979875922203064,0.8578877449035645,0.9169392585754395
27,0.027301248160352874,0.026271361255283687,0.10034062713384628,7.291465759277344,0.0004999999999999994,1224.2,0.06450194865465164,0.10530668497085571,0.09918917715549469,0.034812889993190765,0.15661482512950897,0.034143656492233276,0.09134332090616226,0.03165394067764282,0.03753967583179474,0.10315098613500595,0.2545396685600281,0.1912907212972641,0.9903972148895264,0.9725096225738525,0.9805041551589966,0.9966250061988831,0.9531676769256592,0.9967315196990967,0.9764527082443237,0.9968880414962769,0.996221661567688,0.9793323278427124,0.8612735867500305,0.9176710844039917
28,0.026653010344590528,0.027420300965148605,0.10596396774053574,8.114551544189453,0.0004999999999999994,1266.4,0.06195768341422081,0.10031452029943466,0.1020720899105072,0.03808361664414406,0.15936756134033203,0.04325608164072037,0.10727561265230179,0.03682979568839073,0.04288160428404808,0.1084037497639656,0.2608773410320282,0.21024802327156067,0.9909613132476807,0.9744808077812195,0.9801679849624634,0.996737003326416,0.9529051184654236,0.9958047270774841,0.9734557271003723,0.996685266494751,0.9961068630218506,0.9780555367469788,0.8571174740791321,0.9044930338859558
29,0.026171017191618167,0.026173837065840894,0.09961944073438644,6.981895446777344,0.0004999999999999994,1308.5,0.0719885304570198,0.1102447435259819,0.09868680685758591,0.03021049126982689,0.15729494392871857,0.028657779097557068,0.09713627398014069,0.028906580060720444,0.03142295032739639,0.10252674669027328,0.25092557072639465,0.18743182718753815,0.9881570339202881,0.9704238176345825,0.9808372855186462,0.9966776371002197,0.9530240893363953,0.996820867061615,0.9745346903800964,0.9966953992843628,0.9964163899421692,0.9795322418212891,0.8629370927810669,0.9207532405853271
30,0.025890576835576065,0.026529342574157296,0.10272416472434998,7.630068302154541,0.0004999999999999994,1351.1,0.06416203081607819,0.10469861328601837,0.09797053784132004,0.0458274744451046,0.15592853724956512,0.0436064749956131,0.09414557367563248,0.038108114153146744,0.041640736162662506,0.1012008860707283,0.253764271736145,0.19163668155670166,0.9901090860366821,0.9711092114448547,0.9811305403709412,0.9949379563331604,0.9543125629425049,0.995186984539032,0.9761375784873962,0.9957504868507385,0.9954301118850708,0.9801197648048401,0.8612847328186035,0.9156330227851868
31,0.025508226013564235,0.026358263970753568,0.10221926122903824,7.346621036529541,0.0004999999999999994,1393.5,0.06401697546243668,0.10381138324737549,0.09670855104923248,0.03561932221055031,0.15991470217704773,0.0392802357673645,0.10378669202327728,0.038211971521377563,0.039949774742126465,0.10346448421478271,0.2543465793132782,0.1875205636024475,0.9900108575820923,0.9717326164245605,0.9815564155578613,0.9962623715400696,0.9532331228256226,0.9959927797317505,0.9749636650085449,0.9959800839424133,0.9957431554794312,0.9794278740882874,0.8608250617980957,0.9184948801994324
32,0.025158692440825293,0.025897151502707653,0.0994647964835167,7.1884989738464355,0.0004999999999999994,1435.8,0.06898080557584763,0.1061943769454956,0.09760357439517975,0.03444311395287514,0.1537494659423828,0.03099207766354084,0.09019247442483902,0.03444402292370796,0.03276407718658447,0.10268096625804901,0.251703679561615,0.18982891738414764,0.9896004796028137,0.9716483950614929,0.9811092615127563,0.9963566660881042,0.9551888108253479,0.9966267943382263,0.9767330288887024,0.9963092803955078,0.9965147972106934,0.9792555570602417,0.8639488220214844,0.9198814630508423
33,0.02475082020553267,0.02520085545383166,0.0964508056640625,6.787431716918945,0.0004999999999999994,1478.8,0.06368786841630936,0.0974416509270668,0.10141333937644958,0.02788584493100643,0.16129590570926666,0.027889905497431755,0.08833195269107819,0.027814766392111778,0.029141059145331383,0.10109035670757294,0.24793387949466705,0.1834830939769745,0.9910078048706055,0.974945604801178,0.979874312877655,0.9969081878662109,0.9505283832550049,0.9968653917312622,0.9784362316131592,0.9969125986099243,0.9969224333763123,0.9801396131515503,0.8673785328865051,0.9230638742446899
34,0.024236146175288412,0.0255093177256482,0.09654131531715393,6.993198394775391,0.0004999999999999994,1521.6,0.061049457639455795,0.09864158183336258,0.09663484990596771,0.03221834450960159,0.15436503291130066,0.027981581166386604,0.09030561149120331,0.02837124466896057,0.030637536197900772,0.10075176507234573,0.24951651692390442,0.18802225589752197,0.9908460974693298,0.974112331867218,0.9814345836639404,0.9965354204177856,0.9548683166503906,0.9969527125358582,0.9756424427032471,0.9969207644462585,0.9967897534370422,0.9802564978599548,0.8640406131744385,0.9215713739395142
35,0.023839495826517655,0.02501679886570716,0.09414117783308029,6.78179407119751,0.0004999999999999994,1563.8,0.060816530138254166,0.09731782972812653,0.09662139415740967,0.027781113982200623,0.1500179022550583,0.02693757973611355,0.08334723114967346,0.026818405836820602,0.027662891894578934,0.09879400581121445,0.24889414012432098,0.1846851259469986,0.9913668036460876,0.9748780131340027,0.9820272922515869,0.9972676038742065,0.9575925469398499,0.9971967935562134,0.9798969030380249,0.9972105026245117,0.997132420539856,0.9812400937080383,0.8644007444381714,0.9201064705848694
36,0.02326362993692471,0.02543223811188549,0.09663496166467667,7.057476043701172,0.0004999999999999994,1606.4,0.06586552411317825,0.10326418280601501,0.09366261214017868,0.026380468159914017,0.15077398717403412,0.02603040263056755,0.09797097742557526,0.028785908594727516,0.02586429938673973,0.0965927317738533,0.2502346634864807,0.1941937953233719,0.9905730485916138,0.9738447666168213,0.9829955101013184,0.9972518682479858,0.956223726272583,0.9972549676895142,0.9752943515777588,0.9967973828315735,0.9972166419029236,0.9816179275512695,0.864755392074585,0.917153000831604
37,0.02305437251066916,0.02570963012178788,0.09763756394386292,7.08030891418457,0.0004999999999999994,1648.6,0.06489499658346176,0.10275416821241379,0.09495972841978073,0.03258543461561203,0.14974761009216309,0.031695276498794556,0.0955653265118599,0.03214235231280327,0.03132752701640129,0.10110185295343399,0.24709071218967438,0.18778571486473083,0.9894914627075195,0.9708130359649658,0.9820130467414856,0.9959158897399902,0.9577084183692932,0.9959726929664612,0.9737158417701721,0.9960706233978271,0.996185302734375,0.9802607297897339,0.8648777604103088,0.9205007553100586
38,0.022653082968417525,0.024271823701769602,0.09384351968765259,6.585695743560791,0.0004999999999999994,1690.8,0.06413199752569199,0.10178535431623459,0.09551979601383209,0.02650819718837738,0.1523379683494568,0.026828130707144737,0.08276095241308212,0.029783086851239204,0.026708288118243217,0.09790616482496262,0.24390271306037903,0.17794948816299438,0.9904234409332275,0.9745500683784485,0.9821295142173767,0.9974002242088318,0.9565248489379883,0.9973263740539551,0.9798238277435303,0.997074544429779,0.9972569346427917,0.9812524318695068,0.8695263862609863,0.9273512363433838
39,0.0225601305753356,0.02537449488554516,0.0960419774055481,6.877340316772461,0.0004999999999999994,1733.4,0.05706624686717987,0.1080445870757103,0.09861569106578827,0.0303177647292614,0.15287835896015167,0.026254039257764816,0.0915159359574318,0.026846950873732567,0.026655713096261024,0.09953334927558899,0.24744807183742523,0.18732689321041107,0.9914956092834473,0.97174072265625,0.9809028506278992,0.9968538880348206,0.9561169743537903,0.9972733855247498,0.97626131772995,0.997245192527771,0.9972783923149109,0.9806742668151855,0.8642044067382812,0.921114981174469
40,0.022265364772082002,0.025659203056455505,0.0939795970916748,6.807963848114014,0.0004999999999999994,1775.4,0.05685487762093544,0.09507198631763458,0.0943216010928154,0.028137605637311935,0.14885854721069336,0.02877236157655716,0.08408519625663757,0.027760008350014687,0.03142077848315239,0.0980488508939743,0.2513138949871063,0.18310947716236115,0.991991400718689,0.9739495515823364,0.98218834400177,0.9969019293785095,0.9579590559005737,0.99687659740448,0.9767370223999023,0.9969348311424255,0.9966850876808167,0.981187105178833,0.8599730134010315,0.9219024181365967
41,0.021788711762194077,0.023906198882617337,0.09073077887296677,6.484938144683838,0.0004999999999999994,1818.3,0.0603100024163723,0.09124429523944855,0.09147491306066513,0.02341010421514511,0.14656952023506165,0.02327870763838291,0.08263060450553894,0.027413830161094666,0.025281140580773354,0.0944695770740509,0.24443590641021729,0.17825071513652802,0.9918988347053528,0.9787105321884155,0.9836696982383728,0.997856080532074,0.9588910937309265,0.9978357553482056,0.9814285039901733,0.9974178671836853,0.9975966215133667,0.9827901124954224,0.8663785457611084,0.9290403723716736
42,0.02156002635419408,0.02403483253007122,0.09204653650522232,6.603464603424072,0.0004999999999999994,1860.9,0.05747556686401367,0.09879158437252045,0.09348677843809128,0.026958411559462547,0.14615276455879211,0.02550145611166954,0.08205977082252502,0.027044525370001793,0.02646573819220066,0.09876484423875809,0.2419280856847763,0.17992883920669556,0.9919677972793579,0.9748631119728088,0.9833406805992126,0.9973141551017761,0.9590535759925842,0.9974193572998047,0.9798170924186707,0.9973432421684265,0.9973217844963074,0.9816058278083801,0.8698945641517639,0.9250960350036621
43,0.021291767486364254,0.023819819665603356,0.09235525876283646,6.692713260650635,0.0004999999999999994,1903.0,0.055893100798130035,0.09122160822153091,0.09664662182331085,0.026008514687418938,0.14597013592720032,0.02616683766245842,0.08854538202285767,0.024575676769018173,0.027353662997484207,0.10257844626903534,0.23992948234081268,0.1833736002445221,0.9925861358642578,0.9784331321716309,0.982890784740448,0.9974668622016907,0.9596039652824402,0.9974960684776306,0.9800583720207214,0.9975222945213318,0.9973417520523071,0.9807209372520447,0.8715410232543945,0.923343300819397
44,0.020914566687492555,0.024631160159820177,0.09568721801042557,6.869508266448975,0.0004999999999999994,1945.4,0.07589497417211533,0.09993411600589752,0.09079527109861374,0.030881285667419434,0.1451701670885086,0.03222249820828438,0.09009098261594772,0.03388339653611183,0.03299976512789726,0.09440866857767105,0.24181926250457764,0.18014630675315857,0.988568127155304,0.9707287549972534,0.984029233455658,0.9960905909538269,0.9592061638832092,0.9959247708320618,0.9763169884681702,0.9956445693969727,0.9958844184875488,0.9821502566337585,0.8717609643936157,0.922948956489563
45,0.020655042316614282,0.024490381543989238,0.09343106299638748,6.785613536834717,0.0003499999999999995,1987.6,0.05735320970416069,0.09900885820388794,0.09468740224838257,0.028409866616129875,0.14510196447372437,0.032328374683856964,0.08539537340402603,0.02706889435648918,0.027721697464585304,0.09845614433288574,0.24308538436889648,0.18255561590194702,0.9916017055511475,0.9744368195533752,0.9823545217514038,0.9971678256988525,0.9597917795181274,0.9966278672218323,0.9785305857658386,0.9971737861633301,0.9970995187759399,0.9809614419937134,0.867544412612915,0.9250722527503967
46,0.018488785949615047,0.022359706240380136,0.08555296808481216,5.993961811065674,0.0003499999999999995,2030.0,0.05122562497854233,0.09213060885667801,0.08693759888410568,0.02145000919699669,0.1414482742547989,0.02112150378525257,0.07510489225387573,0.024250930175185204,0.021651023998856544,0.09045980125665665,0.23491361737251282,0.16594171524047852,0.9936386942863464,0.9786525964736938,0.9849241971969604,0.9980264902114868,0.9611999988555908,0.9980521202087402,0.9833629727363586,0.9977017045021057,0.9979970455169678,0.9835731387138367,0.8742091655731201,0.9361011385917664
47,0.017970397949345546,0.02252656045028345,0.08829938620328903,6.20678186416626,0.0003499999999999995,2072.3,0.06245614215731621,0.09396129101514816,0.08901417255401611,0.02439265511929989,0.13946174085140228,0.026120739057660103,0.07622350007295609,0.025119958445429802,0.023218359798192978,0.09442674368619919,0.23582454025745392,0.16937284171581268,0.9921082854270935,0.9791213274002075,0.9844786524772644,0.9980036020278931,0.9624801874160767,0.9979611039161682,0.9832553863525391,0.9979333877563477,0.9980583190917969,0.9824497699737549,0.8745865821838379,0.9333288073539734
48,0.017792451972351374,0.022602081642172006,0.08773980289697647,6.2162699699401855,0.0003499999999999995,2114.5,0.0586186982691288,0.08271853625774384,0.08762061595916748,0.028722915798425674,0.14282594621181488,0.026420529931783676,0.08028078824281693,0.026377104222774506,0.024934781715273857,0.09156439453363419,0.23589439690113068,0.1668989211320877,0.9930329322814941,0.9810469150543213,0.9847763180732727,0.9974280595779419,0.9610379934310913,0.9977700710296631,0.9829438924789429,0.9977214932441711,0.997900128364563,0.9831547737121582,0.8720523118972778,0.9359759092330933
49,0.017443363269873058,0.02340812136543205,0.089142344892025,6.653683185577393,0.0003499999999999995,2156.9,0.055330511182546616,0.09472334384918213,0.08663997799158096,0.02707560732960701,0.1413591206073761,0.02531960792839527,0.07960183918476105,0.024548733606934547,0.026703443378210068,0.08960705995559692,0.23627446591854095,0.1825244128704071,0.9918491840362549,0.9751101732254028,0.985164225101471,0.997183620929718,0.9620774388313293,0.9973145127296448,0.9794009327888489,0.9973785877227783,0.997249186038971,0.9841756820678711,0.873651921749115,0.9231123924255371
50,0.017362080298936624,0.022195472924931885,0.08469512313604355,5.942257404327393,0.0003499999999999995,2199.4,0.049877412617206573,0.07964500784873962,0.09033970534801483,0.022525517269968987,0.14036992192268372,0.023790011182427406,0.07448510080575943,0.02207712084054947,0.022145839408040047,0.09157218784093857,0.2360101342201233,0.16350342333316803,0.994024932384491,0.9821668863296509,0.9841106534004211,0.9981592297554016,0.962108850479126,0.9980823993682861,0.9840983152389526,0.9981071949005127,0.9982127547264099,0.9836691617965698,0.8731831908226013,0.9365496039390564
51,0.016990293671838054,0.022722795808134907,0.08577150106430054,6.233027935028076,0.0003499999999999995,2241.8,0.052206020802259445,0.0867047980427742,0.08484340459108353,0.02515513263642788,0.1360815018415451,0.024198217317461967,0.07710915803909302,0.02475043199956417,0.024207433685660362,0.08830501139163971,0.23527787625789642,0.17041906714439392,0.9926959872245789,0.9781774878501892,0.9855331182479858,0.9974654316902161,0.9637766480445862,0.997566282749176,0.9812327027320862,0.9974284172058105,0.9975546598434448,0.9844135642051697,0.8726521730422974,0.9324759244918823
52,0.01682503403872442,0.021859959353800733,0.08368533849716187,5.942989349365234,0.0003499999999999995,2284.5,0.047989603132009506,0.0817791000008583,0.08678943663835526,0.02401452697813511,0.1391540765762329,0.02125113643705845,0.07152366638183594,0.02145306020975113,0.022226616740226746,0.09015516191720963,0.23369859158992767,0.16418899595737457,0.994378387928009,0.9819514155387878,0.9851049184799194,0.9979549646377563,0.9625688791275024,0.998173713684082,0.9850958585739136,0.9982041716575623,0.9980937242507935,0.9838621616363525,0.8752294182777405,0.9377947449684143
53,0.016607887756570225,0.02222650740294729,0.08436616510152817,5.918501377105713,0.0003499999999999995,2327.2,0.048151303082704544,0.08283722400665283,0.0881270244717598,0.024457937106490135,0.13699141144752502,0.022485854104161263,0.07119520753622055,0.02390599250793457,0.022427033632993698,0.09299330413341522,0.23697490990161896,0.16184674203395844,0.9942734241485596,0.9813119173049927,0.9850348234176636,0.9979206919670105,0.9630430936813354,0.9980130791664124,0.9850643277168274,0.9979037046432495,0.9980391263961792,0.9835390448570251,0.8726035356521606,0.9377818703651428
54,0.016330468134664676,0.022154781325769583,0.083392433822155,5.8474040031433105,0.0003499999999999995,2369.3,0.04986579343676567,0.07999763637781143,0.08656028658151627,0.02045624703168869,0.13816460967063904,0.02155374363064766,0.07196161895990372,0.021449582651257515,0.021703604608774185,0.08929809182882309,0.23740600049495697,0.162292018532753,0.9936277270317078,0.9814377427101135,0.9854760766029358,0.9982353448867798,0.9638047218322754,0.9982172846794128,0.9842395186424255,0.9981496334075928,0.9982171654701233,0.9844861626625061,0.8724570870399475,0.9364571571350098
55,0.01616439569333267,0.021745081301878782,0.08437248319387436,5.862812042236328,0.0003499999999999995,2412.0,0.055859751999378204,0.08486606180667877,0.085082046687603,0.022182796150445938,0.13867919147014618,0.022020801901817322,0.0769893229007721,0.021009672433137894,0.02160845324397087,0.09078726917505264,0.23128779232501984,0.1620965301990509,0.9930605292320251,0.9814842343330383,0.9859517812728882,0.9982463717460632,0.9625150561332703,0.9982204437255859,0.9841284155845642,0.9982333779335022,0.9982109665870667,0.9839982390403748,0.8763673305511475,0.9384714961051941
56,0.016079054992372048,0.022230301934506855,0.08489186316728592,6.2055816650390625,0.0003499999999999995,2454.1,0.051902301609516144,0.08595201373100281,0.08487243950366974,0.023140892386436462,0.13681812584400177,0.023612521588802338,0.07405593991279602,0.02258942276239395,0.02268342487514019,0.08803366124629974,0.2332334667444229,0.17180821299552917,0.9931252598762512,0.9792764782905579,0.9854483604431152,0.9979581236839294,0.96328204870224,0.9978989362716675,0.98382169008255,0.9979267120361328,0.9979997277259827,0.9843364953994751,0.8752264380455017,0.9333271980285645
57,0.015788942431719,0.021808039303579364,0.08336751908063889,5.946966648101807,0.0003499999999999995,2496.5,0.04903238266706467,0.08518582582473755,0.08643030375242233,0.02283555455505848,0.13458184897899628,0.022888578474521637,0.07171408087015152,0.022894175723195076,0.02201562002301216,0.08805400878190994,0.23104222118854523,0.16373564302921295,0.9934486746788025,0.9794496893882751,0.9856289625167847,0.9976549744606018,0.9648643732070923,0.9977526068687439,0.9833866953849792,0.9976456165313721,0.9977901577949524,0.9848730564117432,0.8769782185554504,0.9357777237892151
58,0.015705583995670302,0.021314133286730656,0.08281880617141724,5.899293422698975,0.0003499999999999995,2539.1,0.05035991966724396,0.08042390644550323,0.08672118186950684,0.02219388447701931,0.138140007853508,0.020148593932390213,0.07123009860515594,0.02196171134710312,0.020324984565377235,0.08797556161880493,0.2300785481929779,0.16426733136177063,0.9941570162773132,0.9826902151107788,0.9852232933044434,0.9982523322105408,0.9631979465484619,0.9983614087104797,0.9853997230529785,0.9982103109359741,0.9984250068664551,0.9847080111503601,0.8793190717697144,0.9377533793449402
59,0.015476557644533819,0.022528116272527668,0.08697973936796188,6.285242557525635,0.0003499999999999995,2581.6,0.05902591720223427,0.09253968298435211,0.08558455854654312,0.026189902797341347,0.13575398921966553,0.02526557259261608,0.07839655131101608,0.02409316599369049,0.026517661288380623,0.08856872469186783,0.2309967279434204,0.170824334025383,0.990686297416687,0.9751222729682922,0.9856374859809875,0.9972144365310669,0.9645220637321472,0.9973344206809998,0.9801218509674072,0.9974561333656311,0.9972949028015137,0.9846749901771545,0.8761236667633057,0.932991623878479
60,0.015452872614051554,0.0224552187056619,0.08819055557250977,6.297754764556885,0.0003499999999999995,2623.9,0.06550098955631256,0.09394914656877518,0.08492020517587662,0.026362339034676552,0.13705000281333923,0.026708338409662247,0.08397357910871506,0.02661263570189476,0.025371607393026352,0.08803701400756836,0.22977304458618164,0.1700276881456375,0.9910604357719421,0.9755278825759888,0.985779345035553,0.9970926642417908,0.9636082649230957,0.9969136714935303,0.9798536896705627,0.997038722038269,0.9971690773963928,0.9845717549324036,0.877636194229126,0.9322602152824402
61,0.015116503994532422,0.02143873573101705,0.08124176412820816,5.747228145599365,0.0003499999999999995,2666.6,0.045367538928985596,0.07885705679655075,0.085382841527462,0.018865562975406647,0.13635386526584625,0.020481862127780914,0.06826292723417282,0.021347256377339363,0.01931673102080822,0.08820751309394836,0.23156727850437164,0.16089072823524475,0.9949808120727539,0.9829862713813782,0.9856531023979187,0.9984657764434814,0.963885486125946,0.998407781124115,0.986151397228241,0.9983958601951599,0.9985102415084839,0.9846712946891785,0.8756387233734131,0.9395372271537781
62,0.015017214067683065,0.02151969204816636,0.08236495405435562,5.876693248748779,0.0003499999999999995,2709.2,0.0502265989780426,0.08074206113815308,0.08466462790966034,0.021528953686356544,0.13735228776931763,0.020206699147820473,0.07155869156122208,0.020497526973485947,0.021177511662244797,0.08690774440765381,0.22958436608314514,0.16393236815929413,0.9939889907836914,0.981845498085022,0.985908567905426,0.9981690049171448,0.9635042548179626,0.9981637597084045,0.9849674105644226,0.9981990456581116,0.9981910586357117,0.9851011037826538,0.8766851425170898,0.9392618536949158
63,0.01483686573100814,0.021522806258998585,0.08407633751630783,5.993954181671143,0.0003499999999999995,2751.2,0.05073223263025284,0.09026689827442169,0.08429132401943207,0.023501407355070114,0.13388709723949432,0.022467415779829025,0.07596384733915329,0.024103473871946335,0.022549988701939583,0.08991502225399017,0.22674116492271423,0.1644960194826126,0.9933496713638306,0.9786365032196045,0.9858261346817017,0.9976974129676819,0.9648768901824951,0.9977404475212097,0.9823685884475708,0.9976672530174255,0.9978005886077881,0.9840151071548462,0.8809583783149719,0.936222493648529
64,0.014567201651090668,0.020736579184431947,0.0824139341711998,5.7753119468688965,0.0003499999999999995,2793.5,0.05042232573032379,0.08548633754253387,0.08306342363357544,0.020717287436127663,0.1350138932466507,0.020769529044628143,0.07742939889431,0.02151162177324295,0.020113343372941017,0.08739911019802094,0.22655972838401794,0.16048124432563782,0.9940102100372314,0.9819200038909912,0.9862257242202759,0.9983759522438049,0.9644115567207336,0.9984004497528076,0.9847239851951599,0.9982834458351135,0.9984821081161499,0.9849310517311096,0.8829871416091919,0.9395678043365479
65,0.014367079818317452,0.02041488713913334,0.08254369348287582,5.962228298187256,0.00024499999999999967,2835.6,0.05274401232600212,0.08324925601482391,0.08437725901603699,0.022629301995038986,0.13693293929100037,0.021738296374678612,0.0707288384437561,0.02127859555184841,0.02073235996067524,0.08817429840564728,0.22213229537010193,0.1658068597316742,0.9937401413917542,0.9807395339012146,0.9859048128128052,0.9979797601699829,0.9639281034469604,0.9980432391166687,0.9851210713386536,0.9981196522712708,0.9982599020004272,0.9845574498176575,0.8877837061882019,0.9386652112007141
66,0.013044305127994793,0.01908261559124983,0.07802775502204895,5.536884307861328,0.00024499999999999967,2877.8,0.04526486247777939,0.07624229788780212,0.08632468432188034,0.01877955161035061,0.13423490524291992,0.018537815660238266,0.06589266657829285,0.018705934286117554,0.018604204058647156,0.08456747233867645,0.2132779061794281,0.15590068697929382,0.9951561689376831,0.9839380979537964,0.9852824807167053,0.9985030293464661,0.9648973345756531,0.9985489845275879,0.9875949621200562,0.9985103011131287,0.9985341429710388,0.9855908155441284,0.8934282064437866,0.9429071545600891
67,0.012667650418142527,0.018918453695282604,0.07815112918615341,5.508769989013672,0.00024499999999999967,2920.5,0.05471666157245636,0.07354055345058441,0.08255332708358765,0.02036021649837494,0.1308479756116867,0.01949412375688553,0.06515780091285706,0.019486062228679657,0.018694821745157242,0.0874287560582161,0.21173971891403198,0.1537935882806778,0.9940244555473328,0.984124481678009,0.986562967300415,0.9983906149864197,0.9665038585662842,0.998442530632019,0.9866203665733337,0.9984636902809143,0.9985222220420837,0.9851720333099365,0.8947157263755798,0.9436665177345276
68,0.01242458902693373,0.018680516194748774,0.07783583551645279,5.443500995635986,0.00024499999999999967,2962.8,0.05491647869348526,0.07603820413351059,0.08163350820541382,0.019357478246092796,0.13075341284275055,0.019439583644270897,0.06527597457170486,0.01820722594857216,0.018536536023020744,0.08694688975811005,0.2104339301586151,0.1524907946586609,0.9938132762908936,0.9840226769447327,0.9866819977760315,0.9985517263412476,0.966809868812561,0.9984938502311707,0.9872857928276062,0.998557448387146,0.9985989928245544,0.9851254224777222,0.8963006734848022,0.9436342120170593
69,0.012288772862764074,0.018522619823745205,0.07835686206817627,5.623427867889404,0.00024499999999999967,3005.4,0.05023271217942238,0.0763382837176323,0.08113722503185272,0.01988164149224758,0.13016550242900848,0.020546555519104004,0.06651054322719574,0.0220628809183836,0.0256253220140934,0.08532653748989105,0.2083921581506729,0.15406295657157898,0.9941824078559875,0.9830924272537231,0.9868540167808533,0.9982998371124268,0.9667858481407166,0.9982515573501587,0.9864108562469482,0.9981282353401184,0.9977885484695435,0.9857229590415955,0.8991190195083618,0.9430297613143921
70,0.012172970900900444,0.018067628850663597,0.0764390155673027,5.435488224029541,0.00024499999999999967,3047.7,0.04505084827542305,0.0769491046667099,0.08059974014759064,0.017986904829740524,0.1325417309999466,0.018038136884570122,0.06469198316335678,0.019240621477365494,0.01826590485870838,0.08509448170661926,0.2058420330286026,0.15296673774719238,0.9951528310775757,0.9840503334999084,0.987004816532135,0.998633861541748,0.965767502784729,0.9985859990119934,0.9872153401374817,0.9985204935073853,0.9985706210136414,0.9857536554336548,0.9011740684509277,0.9449374079704285
71,0.011959488719025867,0.018307583297789906,0.07788073271512985,5.6908440589904785,0.00024499999999999967,3090.8,0.04649636149406433,0.07951593399047852,0.08070052415132523,0.022319510579109192,0.129708394408226,0.019956855103373528,0.0665314570069313,0.0197171438485384,0.022282669320702553,0.08476714789867401,0.20489399135112762,0.15767881274223328,0.9944242835044861,0.9820820093154907,0.9869299530982971,0.998105525970459,0.9668723940849304,0.9982267022132874,0.9860031008720398,0.9982467889785767,0.9980818629264832,0.9856942296028137,0.9013268351554871,0.9411446452140808
72,0.011865662339993106,0.017618891035729403,0.07576830685138702,5.396961212158203,0.00024499999999999967,3132.9,0.04711686074733734,0.08063388615846634,0.07973048835992813,0.018682030960917473,0.1288340836763382,0.017188601195812225,0.06340960413217545,0.01813575066626072,0.017718052491545677,0.08383894711732864,0.20156128704547882,0.15237011015415192,0.9947764873504639,0.983184814453125,0.9873272776603699,0.9986149072647095,0.9672719836235046,0.9987051486968994,0.9875450730323792,0.9986191987991333,0.9986582398414612,0.9860265254974365,0.9045361280441284,0.9438806176185608
73,0.011743732368994881,0.01777021749243129,0.07596785575151443,5.442358016967773,0.00024499999999999967,3175.5,0.044637102633714676,0.07600445300340652,0.0812356024980545,0.018652310594916344,0.12955336272716522,0.017456181347370148,0.06543364375829697,0.018724657595157623,0.01837082952260971,0.08441431820392609,0.20383484661579132,0.15329696238040924,0.9951539635658264,0.9841598272323608,0.9870188236236572,0.9985672235488892,0.9671391844749451,0.998628556728363,0.9876359701156616,0.9985863566398621,0.998584508895874,0.9858208298683167,0.9031518697738647,0.9437121152877808
74,0.011667696597933623,0.01763973518378123,0.07577141374349594,5.607781887054443,0.00024499999999999967,3217.5,0.045445237308740616,0.07634813338518143,0.08007578551769257,0.01802276447415352,0.1286243498325348,0.017569566145539284,0.06429632753133774,0.017414500936865807,0.017656749114394188,0.08300133794546127,0.20103804767131805,0.1597641259431839,0.9950243830680847,0.9840416312217712,0.9872625470161438,0.9985653162002563,0.9672621488571167,0.998589038848877,0.9876766204833984,0.9986221194267273,0.9986096024513245,0.9862486720085144,0.9053823947906494,0.9400967359542847
75,0.011516182075117497,0.017577145631810034,0.0752130001783371,5.371194362640381,0.00024499999999999967,3259.8,0.04956101253628731,0.0742209404706955,0.08070400357246399,0.01722762919962406,0.12848982214927673,0.017348121851682663,0.06224065646529198,0.017488611862063408,0.017892837524414062,0.0838652178645134,0.20135124027729034,0.152165949344635,0.9944123029708862,0.984678328037262,0.987099826335907,0.9986639618873596,0.9674525260925293,0.9986664056777954,0.9878811836242676,0.998633861541748,0.9986175298690796,0.9859927892684937,0.9042723178863525,0.9441720843315125
76,0.011397328564007561,0.017345344324282627,0.07604018598794937,5.495197296142578,0.00024499999999999967,3302.5,0.05064798891544342,0.07289991527795792,0.0799560397863388,0.02030237950384617,0.12902115285396576,0.019342618063092232,0.06331662088632584,0.020117107778787613,0.020202985033392906,0.08419080078601837,0.19971172511577606,0.15277285873889923,0.994597852230072,0.9849516749382019,0.9871904850006104,0.9986304640769958,0.9668925404548645,0.9986075758934021,0.9884518384933472,0.9985978007316589,0.9985467791557312,0.9858793616294861,0.906265139579773,0.9448001980781555
77,0.011229447034140016,0.017538294199347118,0.0758993998169899,5.61980676651001,0.00024499999999999967,3344.8,0.046042826026678085,0.07364998757839203,0.08206486701965332,0.018776407465338707,0.12794893980026245,0.017889713868498802,0.06378208100795746,0.017503542825579643,0.017613980919122696,0.08595038950443268,0.19977633655071259,0.15979376435279846,0.9950799942016602,0.9851430654525757,0.9866414070129395,0.9986374378204346,0.9674033522605896,0.9986910820007324,0.988520622253418,0.9986996650695801,0.9986892938613892,0.9855241775512695,0.9049614071846008,0.9414384365081787
78,0.011148158170999197,0.017830359957994174,0.07730361074209213,5.625821590423584,0.00024499999999999967,3387.1,0.04628458619117737,0.07891190052032471,0.08012755960226059,0.02204291895031929,0.1285579800605774,0.020456092432141304,0.06706664711236954,0.02273084782063961,0.021155115216970444,0.08338740468025208,0.2021608203649521,0.1547614485025406,0.9944993257522583,0.9824636578559875,0.9871395230293274,0.9979963898658752,0.9670812487602234,0.9981687664985657,0.9854390025138855,0.998012900352478,0.998163104057312,0.9862239360809326,0.9054006934165955,0.9419124722480774
79,0.011115634586445818,0.017310187489529196,0.07592744380235672,5.468139171600342,0.00017149999999999975,3429.3,0.045016709715127945,0.0839376226067543,0.07939891517162323,0.016911447048187256,0.12917450070381165,0.01918267272412777,0.06511729210615158,0.018090037629008293,0.019716236740350723,0.08333594352006912,0.19729603826999664,0.15395189821720123,0.9952748417854309,0.983374297618866,0.9873385429382324,0.9987568259239197,0.9671809077262878,0.9986642003059387,0.9878652095794678,0.9987382888793945,0.998517632484436,0.9861136674880981,0.9067860245704651,0.9431637525558472
80,0.01037227582214803,0.01675860850669077,0.07324395328760147,5.238393306732178,0.00017149999999999975,3471.6,0.04270416125655174,0.07440653443336487,0.0791720300912857,0.018139580264687538,0.12654918432235718,0.018018672242760658,0.059219762682914734,0.017840171232819557,0.017708851024508476,0.08156408369541168,0.19637612998485565,0.14722830057144165,0.9956783056259155,0.9855080246925354,0.9874597191810608,0.9987794756889343,0.9681762456893921,0.9987255930900574,0.9895176291465759,0.998751699924469,0.9987889528274536,0.9866573214530945,0.9077975749969482,0.9478805661201477
81,0.010229007997530445,0.017095130663435928,0.07524687796831131,5.373643398284912,0.00017149999999999975,3516.3,0.04933552071452141,0.08228711038827896,0.07797668874263763,0.021078966557979584,0.1259993314743042,0.020108070224523544,0.06330012530088425,0.01847098581492901,0.018766159191727638,0.08120205998420715,0.19516673684120178,0.14927080273628235,0.994387686252594,0.9819173216819763,0.9878368973731995,0.9983347058296204,0.9685843586921692,0.9983410835266113,0.9871007800102234,0.9984527230262756,0.9984459280967712,0.9867948889732361,0.9087353348731995,0.944311261177063
82,0.010144961967041493,0.016879519724180017,0.07391219586133957,5.311008930206299,0.00017149999999999975,3558.3,0.04726307466626167,0.07501327991485596,0.07777570188045502,0.02020219713449478,0.1252206563949585,0.01828121580183506,0.06129053607583046,0.017954368144273758,0.018500950187444687,0.08161163330078125,0.1953708976507187,0.14846189320087433,0.994796872138977,0.9842985272407532,0.9878156185150146,0.9984261393547058,0.9688047170639038,0.9985259771347046,0.9881343841552734,0.9986533522605896,0.9985760450363159,0.9867646098136902,0.9085104465484619,0.946033775806427
83,0.010045273701683661,0.016858672693933777,0.07385994493961334,5.314205169677734,0.00017149999999999975,3601.6,0.048332687467336655,0.07297511398792267,0.07762625068426132,0.018344540148973465,0.12482310831546783,0.018535543233156204,0.06250528991222382,0.019793473184108734,0.018384898081421852,0.081624336540699,0.1948825865983963,0.1484914869070053,0.9946950078010559,0.9843342304229736,0.9879249334335327,0.9985021948814392,0.9689762592315674,0.9985159039497375,0.9876841306686401,0.9983643889427185,0.9985591173171997,0.9867920279502869,0.9090059399604797,0.9456045031547546
84,0.009957733068032004,0.017254912121534148,0.07667524367570877,5.591641902923584,0.00012004999999999981,3644.2,0.05711151659488678,0.07688411325216293,0.07755934447050095,0.025188950821757317,0.12456502765417099,0.021245168522000313,0.06579937785863876,0.02181771770119667,0.023669391870498657,0.08102820068597794,0.19348257780075073,0.15175150334835052,0.9930257201194763,0.9820122122764587,0.9879605174064636,0.9977706670761108,0.969251811504364,0.998024582862854,0.9854922294616699,0.9980288147926331,0.9978368282318115,0.9869667887687683,0.9096382856369019,0.9412864446640015
85,0.00954071528053085,0.016508915672580688,0.0723980963230133,5.183947563171387,0.00012004999999999981,3686.8,0.04639692232012749,0.07038145512342453,0.07690627872943878,0.01789497770369053,0.12343481183052063,0.016435828059911728,0.06079023703932762,0.017197605222463608,0.01717052422463894,0.08057775348424911,0.1951703280210495,0.1464204490184784,0.9952920079231262,0.9857721924781799,0.9881435632705688,0.9987611770629883,0.969556987285614,0.9987919926643372,0.9891744256019592,0.9987656474113464,0.9987702369689941,0.9870077967643738,0.9093266725540161,0.9481390714645386
86,0.009418013956032905,0.016304274759265325,0.07276441901922226,5.178070545196533,0.00012004999999999981,3729.2,0.04596438258886337,0.07264336198568344,0.07743731141090393,0.020191997289657593,0.12334445118904114,0.017940057441592216,0.062240660190582275,0.017243899405002594,0.017754733562469482,0.0812101736664772,0.19256505370140076,0.144636869430542,0.9952694177627563,0.9854018688201904,0.988094687461853,0.998562753200531,0.9697808623313904,0.9986767172813416,0.9885879755020142,0.9987183809280396,0.9986982941627502,0.9870489239692688,0.9113295078277588,0.9484866857528687
87,0.009333172942616574,0.016612448765481427,0.07324755936861038,5.282744407653809,0.00012004999999999981,3771.7,0.047811359167099,0.07470206916332245,0.07678413391113281,0.018969843164086342,0.12306754291057587,0.018023809418082237,0.06202320009469986,0.017506007105112076,0.018638473004102707,0.08057071268558502,0.1927354335784912,0.1481381505727768,0.9947375655174255,0.9841365218162537,0.9881150722503662,0.9984634518623352,0.9698072075843811,0.9984565377235413,0.9875354766845703,0.9985209107398987,0.9984289407730103,0.9870640635490417,0.9105596542358398,0.946496844291687
88,0.009269309738838272,0.01627043342967109,0.07149403542280197,5.110443592071533,0.00012004999999999981,3814.2,0.0424807146191597,0.07018198072910309,0.0766526460647583,0.017691629007458687,0.12274619936943054,0.01723492704331875,0.05932297185063362,0.01690705306828022,0.018258506432175636,0.08039820939302444,0.1925206184387207,0.14353297650814056,0.9956187605857849,0.9860332608222961,0.9881162643432617,0.9987695217132568,0.9698523283004761,0.9987925291061401,0.9892252087593079,0.9988276362419128,0.9987291097640991,0.9871344566345215,0.9107004404067993,0.9488779306411743
89,0.009228427339089766,0.016340252601142465,0.07203579694032669,5.0983405113220215,0.00012004999999999981,3856.9,0.05090832710266113,0.07039542496204376,0.07632005214691162,0.018318643793463707,0.12287621945142746,0.016695819795131683,0.05963964760303497,0.016505831852555275,0.016203589737415314,0.07988691329956055,0.19273196160793304,0.1439470648765564,0.9947554469108582,0.9861608743667603,0.988271951675415,0.9987812042236328,0.9697670340538025,0.9988234639167786,0.989477276802063,0.9988189935684204,0.9988401532173157,0.9872739911079407,0.9099257588386536,0.948881983757019
90,0.009144007601808198,0.016227952099407115,0.0720122680068016,5.149761199951172,0.00012004999999999981,3899.0,0.0457317940890789,0.07585320621728897,0.0761517882347107,0.018388161435723305,0.12287357449531555,0.016142796725034714,0.05980220064520836,0.01628638431429863,0.01658380962908268,0.0799042284488678,0.19064520299434662,0.14578400552272797,0.9950373768806458,0.9844869375228882,0.9883427619934082,0.9986690282821655,0.9700024127960205,0.9987778067588806,0.9886206388473511,0.9987736940383911,0.9987651109695435,0.987169623374939,0.9122192859649658,0.9478172659873962
91,0.009138923616158192,0.01638869001939889,0.07164747267961502,5.114721775054932,0.00012004999999999981,3941.7,0.042844515293836594,0.07439060509204865,0.07607166469097137,0.01702679507434368,0.12319748848676682,0.01710464060306549,0.059638623148202896,0.016304893419146538,0.016429536044597626,0.07975020259618759,0.1922103613615036,0.1448003053665161,0.9952279925346375,0.9843897223472595,0.9884060621261597,0.9986551403999329,0.9697098731994629,0.9985951781272888,0.9885098934173584,0.9986413717269897,0.9986771941184998,0.9872733950614929,0.9109832048416138,0.9476255774497986
92,0.009092033762802534,0.01623243817473562,0.07082191854715347,5.0674567222595215,0.00012004999999999981,3984.1,0.04272707179188728,0.07154197990894318,0.07577124238014221,0.015952613204717636,0.1217668280005455,0.01574825681746006,0.05829359218478203,0.016618140041828156,0.01582888700067997,0.07933603227138519,0.19206318259239197,0.1442151963710785,0.9955704212188721,0.9858490228652954,0.988379955291748,0.9988362193107605,0.9702377319335938,0.9988287091255188,0.9892378449440002,0.998786449432373,0.998848021030426,0.9873524308204651,0.9104159474372864,0.9490919709205627
93,0.00900914587985947,0.016338801548067373,0.07276690751314163,5.23805570602417,0.00012004999999999981,4026.9,0.04890087991952896,0.07358352839946747,0.07667048275470734,0.018212275579571724,0.1230391338467598,0.01801825501024723,0.06020738184452057,0.017028598114848137,0.018364865332841873,0.08149932324886322,0.19043712317943573,0.14724098145961761,0.994502067565918,0.9843593835830688,0.9881417751312256,0.998580276966095,0.9698780179023743,0.9986039996147156,0.9881039261817932,0.9986845850944519,0.998563826084137,0.986794114112854,0.9125776290893555,0.9470041990280151
94,0.008998142710171315,0.016192484025448928,0.0723310187458992,5.178476333618164,0.00012004999999999981,4069.1,0.048139553517103195,0.0736817792057991,0.0768062099814415,0.019670771434903145,0.12263526022434235,0.017566056922078133,0.05924862250685692,0.018534250557422638,0.017434658482670784,0.07984020560979843,0.1896858662366867,0.14472898840904236,0.994727373123169,0.9847735166549683,0.9880532026290894,0.998467743396759,0.9700527191162109,0.9986425638198853,0.9888826012611389,0.9985674023628235,0.9985989332199097,0.9872057437896729,0.9128643274307251,0.9471189379692078
95,0.008941849246131171,0.01601090090640892,0.07119020819664001,5.104463577270508,0.00012004999999999981,4111.5,0.046240709722042084,0.07116279751062393,0.07611226290464401,0.017340678721666336,0.12166447937488556,0.017012258991599083,0.05765615776181221,0.016910500824451447,0.017092274501919746,0.07927802950143814,0.1898082196712494,0.14400413632392883,0.9952141046524048,0.9859240055084229,0.9882679581642151,0.9987220168113708,0.9702548980712891,0.9987797737121582,0.9895098209381104,0.9987576007843018,0.9987459182739258,0.9873334169387817,0.91254061460495,0.9491173624992371
96,0.008901290778390502,0.016140848299085773,0.07165605574846268,5.081588268280029,8.403499999999987e-05,4153.9,0.04859142377972603,0.07163442671298981,0.07673260569572449,0.017711883410811424,0.12365637719631195,0.01639775186777115,0.05922572314739227,0.016329223290085793,0.016197126358747482,0.07986146956682205,0.18973971903324127,0.1437949389219284,0.994896650314331,0.9852843880653381,0.9881832599639893,0.998664140701294,0.9696885347366333,0.998768150806427,0.9889569282531738,0.9987513422966003,0.9987777471542358,0.9871960878372192,0.9126774072647095,0.9481105208396912
97,0.008625447996416813,0.01587968137674852,0.07015420496463776,5.0226569175720215,8.403499999999987e-05,4197.3,0.044633183628320694,0.06960402429103851,0.07585688680410385,0.015349121764302254,0.12238091230392456,0.015194348990917206,0.05743428319692612,0.0149085633456707,0.014803447760641575,0.07858587801456451,0.18897612392902374,0.14412373304367065,0.9954009056091309,0.9863276481628418,0.9883612394332886,0.9989177584648132,0.9700796604156494,0.9989412426948547,0.9898239970207214,0.9989386200904846,0.9989578127861023,0.9874643683433533,0.9130732417106628,0.9491839408874512
98,0.008555089616165993,0.015992823684394152,0.07093896716833115,5.054383754730225,8.403499999999987e-05,4239.9,0.05008789524435997,0.07030145078897476,0.07513311505317688,0.016084948554635048,0.12164867669343948,0.016262518242001534,0.05833292752504349,0.015533220954239368,0.01590658910572529,0.07848222553730011,0.18958023190498352,0.14391382038593292,0.9947253465652466,0.9858939051628113,0.9885364174842834,0.9988458752632141,0.9702224731445312,0.9988203048706055,0.9896257519721985,0.9988572597503662,0.9988457560539246,0.9875271320343018,0.9125320911407471,0.9493319988250732
99,0.008499194118479977,0.01583334305337223,0.0703858956694603,4.998175144195557,8.403499999999987e-05,4282.5,0.04983533173799515,0.06905435025691986,0.07526518404483795,0.015731047838926315,0.12097672373056412,0.016493557021021843,0.056866735219955444,0.014845442026853561,0.015410279855132103,0.07896822690963745,0.1886410117149353,0.14254280924797058,0.9947931170463562,0.9862591624259949,0.988558828830719,0.9989036321640015,0.9705644845962524,0.998856246471405,0.9896607398986816,0.9989460110664368,0.9989423751831055,0.9874383807182312,0.9131364822387695,0.9500945210456848
100,0.008445989117285618,0.015877818627419157,0.07016143947839737,5.00419282913208,8.403499999999987e-05,4325.0,0.043015845119953156,0.07174509763717651,0.07542484253644943,0.015337277203798294,0.12099429219961166,0.015309903770685196,0.05791788175702095,0.015295070596039295,0.015696458518505096,0.07867833226919174,0.18951818346977234,0.14300404489040375,0.9955455660820007,0.9855443835258484,0.9885267019271851,0.998898446559906,0.9706313610076904,0.998909592628479,0.9892356991767883,0.9988954067230225,0.9989051222801208,0.9875529408454895,0.9131348729133606,0.9498666524887085
101,0.008415857621240351,0.015935697677527456,0.07092241197824478,5.031581878662109,5.8824499999999904e-05,4368.1,0.05143421143293381,0.0698515996336937,0.07510560005903244,0.016804290935397148,0.12058793008327484,0.016651352867484093,0.058029890060424805,0.01600974053144455,0.016618693247437477,0.07899016886949539,0.18862639367580414,0.14235904812812805,0.9945902228355408,0.9858700037002563,0.988550066947937,0.9987522959709167,0.9705665707588196,0.9987490773200989,0.9893614649772644,0.9988123178482056,0.9988075494766235,0.9873453974723816,0.9130680561065674,0.9492584466934204
102,0.008209928127409538,0.015830016512486833,0.0705849751830101,4.991501808166504,5.8824499999999904e-05,4411.9,0.052046023309230804,0.06937409937381744,0.07519616186618805,0.01608012430369854,0.12031514197587967,0.015739524737000465,0.05752464383840561,0.01548097189515829,0.016130942851305008,0.07907722890377045,0.18808701634407043,0.1419677734375,0.9944328665733337,0.9857948422431946,0.9884958267211914,0.9987995624542236,0.9707754850387573,0.998791515827179,0.9893792271614075,0.9988309144973755,0.9988097548484802,0.9873217940330505,0.9139559268951416,0.949629008769989
103,0.008168336467979057,0.015750044804532976,0.0709104835987091,5.12973690032959,5.8824499999999904e-05,4454.1,0.04988129809498787,0.0687388926744461,0.07475533336400986,0.017769211903214455,0.11985374242067337,0.01727382093667984,0.059031616896390915,0.016371844336390495,0.016213638707995415,0.0781606137752533,0.18780499696731567,0.14507080614566803,0.9949013590812683,0.9863277673721313,0.9886733889579773,0.9987456202507019,0.9709544777870178,0.9987323880195618,0.9896949529647827,0.9988183975219727,0.9988338947296143,0.9876142144203186,0.9142764806747437,0.9492474794387817
104,0.008159472035523866,0.01581961228912443,0.07031650096178055,5.031195163726807,5.8824499999999904e-05,4496.4,0.04902997985482216,0.06997432559728622,0.07515715807676315,0.01592741161584854,0.11995250731706619,0.015323761850595474,0.056980084627866745,0.015130900777876377,0.01652458682656288,0.07867377996444702,0.18762589991092682,0.14349760115146637,0.9946906566619873,0.985476553440094,0.9885306358337402,0.9987903237342834,0.971059262752533,0.9988135099411011,0.9893298745155334,0.9988164305686951,0.9987478852272034,0.9874892830848694,0.9139395356178284,0.9496144652366638
105,0.00814235924432675,0.01576059532374366,0.06961368769407272,4.997873783111572,5.8824499999999904e-05,4538.7,0.04489992558956146,0.07004886865615845,0.07447069138288498,0.015682443976402283,0.11947903782129288,0.015125385485589504,0.05705387517809868,0.014932970516383648,0.015394134446978569,0.07778214663267136,0.18749000132083893,0.14300478994846344,0.9952418804168701,0.9857118725776672,0.9887272715568542,0.9988474249839783,0.9709752202033997,0.9988598823547363,0.989409863948822,0.9988849759101868,0.9988385438919067,0.9876929521560669,0.9140770435333252,0.9491410851478577
106,0.008100634891804204,0.015773563523531643,0.06968078017234802,4.959083080291748,5.8824499999999904e-05,4581.3,0.045894917100667953,0.06990226358175278,0.07432146370410919,0.01527238730341196,0.11985033005475998,0.015118985436856747,0.05730922892689705,0.015273388475179672,0.015658464282751083,0.07825504243373871,0.18767915666103363,0.1416337490081787,0.9951740503311157,0.98593670129776,0.9887938499450684,0.9988387227058411,0.9712133407592773,0.9988453984260559,0.9893309473991394,0.9988180994987488,0.9988200068473816,0.9876179695129395,0.9137130379676819,0.9496204853057861
107,0.008052084287161844,0.015683212634710248,0.06995347142219543,4.982292175292969,5.8824499999999904e-05,4623.6,0.0460103340446949,0.07192766666412354,0.07451954483985901,0.01684945449233055,0.11976023018360138,0.015339692123234272,0.0571569949388504,0.015594623982906342,0.015567099675536156,0.07805456966161728,0.18695583939552307,0.14170561730861664,0.995254635810852,0.9857051372528076,0.9886852502822876,0.9988082647323608,0.9710475206375122,0.9988969564437866,0.9895226955413818,0.998873770236969,0.9988879561424255,0.9876384735107422,0.9145614504814148,0.9496217370033264
108,0.008038030407313029,0.015728076472113425,0.0695452094078064,5.015814304351807,5.8824499999999904e-05,4665.9,0.04405556246638298,0.06932426989078522,0.07442601770162582,0.015622874721884727,0.11997400969266891,0.01505137700587511,0.056678835302591324,0.015143469907343388,0.01581282541155815,0.07772615551948547,0.18728329241275787,0.14344383776187897,0.9954744577407837,0.9859944581985474,0.9887266755104065,0.9988471865653992,0.9708115458488464,0.9988773465156555,0.9895415902137756,0.998872697353363,0.9988188743591309,0.9877594709396362,0.9140784740447998,0.9494711756706238
109,0.008034882080621794,0.01559130101402944,0.06912145763635635,4.929398059844971,5.8824499999999904e-05,4709.1,0.04475903511047363,0.06821838021278381,0.07458668202161789,0.015299998223781586,0.12035110592842102,0.01501797791570425,0.0553804375231266,0.01432185061275959,0.015340860933065414,0.077532097697258,0.18747660517692566,0.14117255806922913,0.9955346584320068,0.9866891503334045,0.9887470602989197,0.9989507794380188,0.9707323908805847,0.9989660978317261,0.9902517795562744,0.9990138411521912,0.9989610910415649,0.9877617955207825,0.9141349196434021,0.9507470726966858
110,0.008001402698084489,0.015872608635609704,0.07010086625814438,4.994844913482666,5.8824499999999904e-05,4751.6,0.04692487418651581,0.0705302283167839,0.0747426301240921,0.0177723690867424,0.11994341760873795,0.015519258566200733,0.05723423510789871,0.015468903817236423,0.01551246177405119,0.07766971737146378,0.18809804320335388,0.14179420471191406,0.9949501752853394,0.9853736758232117,0.9886833429336548,0.9987090229988098,0.9709561467170715,0.9987921118736267,0.9890822172164917,0.9988080859184265,0.9988136291503906,0.9877004623413086,0.9133299589157104,0.9491938352584839
111,0.007995715250837226,0.01577317537732057,0.0696125254034996,4.978692531585693,5.8824499999999904e-05,4794.3,0.0452655591070652,0.0700560063123703,0.0742296352982521,0.016097771003842354,0.1198415756225586,0.015442350879311562,0.05675257742404938,0.014882145449519157,0.015612281858921051,0.07732807844877243,0.18778598308563232,0.1420564204454422,0.9951162338256836,0.9856127500534058,0.9888318181037903,0.9987823963165283,0.9710601568222046,0.9987990856170654,0.9892286062240601,0.9988386034965515,0.9988083839416504,0.9878624677658081,0.9138663411140442,0.9497271180152893
112,0.007987397140305386,0.015822253734834802,0.07037137448787689,4.988832473754883,5.8824499999999904e-05,4837.0,0.05023695528507233,0.0712585598230362,0.07399414479732513,0.016917241737246513,0.11978499591350555,0.015764662995934486,0.057800084352493286,0.015647420659661293,0.01601443998515606,0.07736340165138245,0.18812425434589386,0.14155034720897675,0.9946102499961853,0.9854152202606201,0.9888805747032166,0.9987376928329468,0.9711022973060608,0.9987865686416626,0.989309549331665,0.9988089799880981,0.9987946152687073,0.9878471493721008,0.9136598110198975,0.949479877948761
113,0.007937792354134738,0.015615384659592018,0.06932401657104492,4.913017272949219,4.117714999999993e-05,4879.5,0.04660290852189064,0.0683780089020729,0.07513127475976944,0.01517376396805048,0.11972633749246597,0.01470322534441948,0.05625583603978157,0.014793775975704193,0.015084577724337578,0.07817909121513367,0.1871810406446457,0.14067836105823517,0.9951044917106628,0.9862239956855774,0.9886378645896912,0.9989163279533386,0.9711547493934631,0.9989397525787354,0.9898546934127808,0.9989497661590576,0.9989143013954163,0.987718939781189,0.9142866730690002,0.9507655501365662
114,0.007810693151826732,0.015638343429041825,0.06919175386428833,4.9040913581848145,4.117714999999993e-05,4921.9,0.04614083841443062,0.07066179811954498,0.07394477725028992,0.014662113972008228,0.11910569667816162,0.014637108892202377,0.05655859038233757,0.014640942215919495,0.014728408306837082,0.07733870297670364,0.18712984025478363,0.14075221121311188,0.9952176213264465,0.9858922958374023,0.9888531565666199,0.9989538788795471,0.9713222980499268,0.9989383220672607,0.9898216724395752,0.9989491701126099,0.9989513158798218,0.987809419631958,0.9138970971107483,0.9505875706672668
115,0.0077992046195167666,0.0157943522783723,0.0700068324804306,4.9842000007629395,4.117714999999993e-05,4964.6,0.0482528917491436,0.07081067562103271,0.07414151728153229,0.016308512538671494,0.11885187774896622,0.015672948211431503,0.05783042684197426,0.01543175708502531,0.015923889353871346,0.07763778418302536,0.18746896088123322,0.141750767827034,0.9947031140327454,0.9850549101829529,0.9888224601745605,0.9987372756004333,0.9714212417602539,0.9987534880638123,0.988948404788971,0.9987750053405762,0.9987501502037048,0.9878198504447937,0.9141322374343872,0.949395477771759
116,0.007772752426063676,0.015619622693241846,0.06952284276485443,4.94042444229126,4.117714999999993e-05,5007.1,0.049044132232666016,0.07048240303993225,0.07343035936355591,0.015831200405955315,0.11876744031906128,0.015159799717366695,0.05652014538645744,0.014987883158028126,0.01544229406863451,0.0769544169306755,0.18664994835853577,0.14100416004657745,0.9947938323020935,0.9856314063072205,0.9889746904373169,0.9988330602645874,0.9714360237121582,0.9988547563552856,0.9894787073135376,0.9988806247711182,0.9988561868667603,0.9879226684570312,0.914915919303894,0.9497579336166382
117,0.007748135084769202,0.015630729397080337,0.06921937316656113,4.951582431793213,2.882400499999995e-05,5049.5,0.04475975036621094,0.06928613036870956,0.07381285727024078,0.015971560031175613,0.118752621114254,0.015244175679981709,0.056272346526384354,0.015804532915353775,0.01618744246661663,0.07711450755596161,0.1866680085659027,0.14075852930545807,0.99531090259552,0.9858813881874084,0.9889015555381775,0.9988327026367188,0.9714595079421997,0.9988455772399902,0.9896307587623596,0.9988145232200623,0.9988168478012085,0.9878637194633484,0.9143338203430176,0.9503563046455383
118,0.007667663721135034,0.01559921221830311,0.0692419484257698,4.968024730682373,2.882400499999995e-05,5091.9,0.04478997737169266,0.06845405697822571,0.0737437829375267,0.01626100391149521,0.11875925958156586,0.015544107183814049,0.056738514453172684,0.015657790005207062,0.01583784818649292,0.07717665284872055,0.18667973577976227,0.14126063883304596,0.9953579306602478,0.9862656593322754,0.9888933897018433,0.9988492131233215,0.9715197682380676,0.9988616108894348,0.9898903369903564,0.9988700747489929,0.998858630657196,0.987861692905426,0.9142418503761292,0.9505317211151123
119,0.007616946056170397,0.01557387321271227,0.06888774782419205,4.9032368659973145,2.882400499999995e-05,5134.4,0.04454216733574867,0.06980572640895844,0.0735594630241394,0.015282606706023216,0.11865247786045074,0.015181081369519234,0.05602465197443962,0.014739018864929676,0.015238520689308643,0.07697201520204544,0.18653418123722076,0.14012111723423004,0.9953333139419556,0.985906183719635,0.9889305830001831,0.9988714456558228,0.9714845418930054,0.998838484287262,0.9897027611732483,0.9988865256309509,0.9988797903060913,0.9878731966018677,0.9146139621734619,0.9507264494895935
120,0.007625716223946581,0.015554193521683794,0.06893070787191391,4.8950276374816895,2.882400499999995e-05,5177.2,0.04720248654484749,0.06834331899881363,0.07390382885932922,0.015401549637317657,0.11858063191175461,0.014701013453304768,0.055690571665763855,0.014912690035998821,0.015020454302430153,0.07696861773729324,0.18644489347934723,0.1399984210729599,0.9950900077819824,0.9862839579582214,0.9888359904289246,0.9988977313041687,0.971599280834198,0.9989126324653625,0.9899089336395264,0.998909592628479,0.9989092946052551,0.9878794550895691,0.9145084619522095,0.9508126974105835
